accession	reference_type
EPI_ISL_330530	Genetic
EPI_ISL_513951	Genetic
EPI_ISL_357998	Genetic
EPI_ISL_356896	Genetic
EPI_ISL_421016	Genetic
EPI_ISL_434454	Genetic
EPI_ISL_353609	Genetic
EPI_ISL_350000	Genetic
EPI_ISL_334361	Genetic
EPI_ISL_341139	Genetic
EPI_ISL_11497363	Genetic
EPI_ISL_15286755	Genetic
EPI_ISL_17996214	Genetic
EPI_ISL_10826480	Genetic
EPI_ISL_11956900	Genetic
EPI_ISL_17212603	Genetic
EPI_ISL_2918721	Genetic
EPI_ISL_402312	Genetic
EPI_ISL_412313	Genetic
EPI_ISL_767041	Genetic
EPI_ISL_397319	Genetic
EPI_ISL_372278	Genetic
EPI_ISL_336862	Genetic
EPI_ISL_362046	Genetic
EPI_ISL_506937	Genetic
EPI_ISL_644661	Genetic
EPI_ISL_19281447	Genetic
EPI_ISL_19896589	Genetic
EPI_ISL_19896607	Genetic
EPI_ISL_389939	Genetic
EPI_ISL_401911	Genetic
EPI_ISL_410128	Genetic
EPI_ISL_403854	Genetic
EPI_ISL_407166	Genetic
EPI_ISL_414035	Genetic
EPI_ISL_409809	Genetic
EPI_ISL_418483	Genetic
EPI_ISL_483727	Genetic
EPI_ISL_476669	Genetic
EPI_ISL_959700	Genetic
EPI_ISL_534192	Genetic
EPI_ISL_404405	Genetic
EPI_ISL_407567	Genetic
EPI_ISL_497920	Genetic
EPI_ISL_9140552	Genetic
EPI_ISL_16173543	Genetic
EPI_ISL_435256	Genetic
EPI_ISL_19740827	Genetic
EPI_ISL_368855	Genetic
EPI_ISL_415031	Genetic
EPI_ISL_377211	Genetic
EPI_ISL_395312	Genetic
EPI_ISL_394163	Genetic
EPI_ISL_369142	Genetic
EPI_ISL_364267	Genetic
EPI_ISL_421035	Genetic
EPI_ISL_17212573	Genetic
EPI_ISL_17806199	Genetic
EPI_ISL_515502	Genetic
EPI_ISL_400657	Genetic
EPI_ISL_402998	Genetic
EPI_ISL_391381	Genetic
EPI_ISL_405500	Genetic
EPI_ISL_404422	Genetic
EPI_ISL_482932	Genetic
EPI_ISL_414244	Genetic
EPI_ISL_19679452	Genetic
EPI_ISL_19679436	Genetic
EPI_ISL_19679442	Genetic
EPI_ISL_356324	Genetic
EPI_ISL_19679449	Genetic
EPI_ISL_16920596	Genetic
EPI_ISL_398922	Genetic
EPI_ISL_406097	Genetic
EPI_ISL_407136	Genetic
EPI_ISL_341142	Genetic
EPI_ISL_391070	Genetic
EPI_ISL_4520744	Genetic
EPI_ISL_2696189	Genetic
EPI_ISL_2695997	Genetic
EPI_ISL_19281438	Genetic
EPI_ISL_14033453	Genetic
EPI_ISL_19679462	Genetic
EPI_ISL_19679465	Genetic
EPI_ISL_17527259	Genetic
EPI_ISL_534111	Genetic
EPI_ISL_17527260	Genetic
EPI_ISL_14033660	Genetic
EPI_ISL_7745700	Genetic
EPI_ISL_19173829	Genetic
EPI_ISL_4520706	Genetic
EPI_ISL_19281481	Genetic
EPI_ISL_7745708	Genetic
EPI_ISL_15980918	Genetic
EPI_ISL_17102629	Genetic
EPI_ISL_15927717	Genetic
EPI_ISL_15927718	Genetic
EPI_ISL_15364164	Genetic
EPI_ISL_9140548	Genetic
EPI_ISL_17102662	Genetic
EPI_ISL_17496822	Genetic
EPI_ISL_18962731	Genetic
EPI_ISL_19874360	Genetic
EPI_ISL_18857510	Genetic
EPI_ISL_17125396	Genetic
EPI_ISL_17543097	Genetic
EPI_ISL_17125391	Genetic
EPI_ISL_17225837	Genetic
EPI_ISL_16761745	Genetic
EPI_ISL_16003444	Genetic
EPI_ISL_9349279	Genetic
EPI_ISL_14991630	Genetic
EPI_ISL_16433729	Genetic
EPI_ISL_17592681	Genetic
EPI_ISL_19081393	Genetic
EPI_ISL_4005805	Genetic
EPI_ISL_4539769	Genetic
EPI_ISL_3535254	Genetic
EPI_ISL_14854676	Genetic
EPI_ISL_18851527	Genetic
EPI_ISL_18819768	Genetic
EPI_ISL_18830824	Genetic
EPI_ISL_15724806	Genetic
EPI_ISL_16350791	Genetic
EPI_ISL_15724830	Genetic
EPI_ISL_9140546	Genetic
EPI_ISL_15726538	Genetic
EPI_ISL_15724812	Genetic
EPI_ISL_17212556	Genetic
EPI_ISL_16761667	Genetic
EPI_ISL_14975962	Genetic
EPI_ISL_20078907	Genetic
EPI_ISL_17700525	Genetic
EPI_ISL_17854870	Genetic
EPI_ISL_17297728	Genetic
EPI_ISL_17334014	Genetic
EPI_ISL_18713783	Genetic
EPI_ISL_19065195	Genetic
EPI_ISL_19709104	Genetic
EPI_ISL_19731445	Genetic
EPI_ISL_17658039	Genetic
EPI_ISL_17694751	Genetic
EPI_ISL_17546194	Genetic
EPI_ISL_19228941	Genetic
EPI_ISL_17360771	Genetic
EPI_ISL_19029974	Genetic
EPI_ISL_17820218	Genetic
EPI_ISL_18090359	Genetic
EPI_ISL_18713752	Genetic
EPI_ISL_19481972	Genetic
EPI_ISL_16761710	Genetic
EPI_ISL_19905283	Genetic
EPI_ISL_19031454	Genetic
EPI_ISL_5959252	Genetic
EPI_ISL_10826476	Genetic
EPI_ISL_18304049	Genetic
EPI_ISL_19354751	Genetic
EPI_ISL_16524638	Genetic
EPI_ISL_18485065	Genetic
EPI_ISL_18010614	Genetic
EPI_ISL_19707895	Genetic
EPI_ISL_19252495	Genetic
EPI_ISL_19252499	Genetic
EPI_ISL_18304098	Genetic
EPI_ISL_19599330	Genetic
EPI_ISL_19354772	Genetic
EPI_ISL_18074128	Genetic
EPI_ISL_18465691	Genetic
EPI_ISL_18998265	Genetic
EPI_ISL_20140988	Genetic
EPI_ISL_19689129	Genetic
EPI_ISL_19752068	Genetic
EPI_ISL_17049205	Genetic
EPI_ISL_18011087	Genetic
EPI_ISL_17360767	Genetic
EPI_ISL_18245610	Genetic
EPI_ISL_18709336	Genetic
EPI_ISL_18602066	Genetic
EPI_ISL_18137206	Genetic
EPI_ISL_18786098	Genetic
EPI_ISL_14333268	Genetic
EPI_ISL_17742635	Genetic
EPI_ISL_16376441	Genetic
EPI_ISL_17674145	Genetic
EPI_ISL_18143224	Genetic
EPI_ISL_19387211	Genetic
EPI_ISL_19679464	Genetic
EPI_ISL_19679432	Genetic
EPI_ISL_19679451	Genetic
EPI_ISL_17820091	Genetic
EPI_ISL_17693271	Genetic
EPI_ISL_17049208	Genetic
EPI_ISL_17257566	Genetic
EPI_ISL_14387912	Genetic
EPI_ISL_18870843	Genetic
EPI_ISL_15763837	Genetic
EPI_ISL_19566790	Genetic
EPI_ISL_14212847	Genetic
EPI_ISL_13286981	Genetic
EPI_ISL_16809960	Genetic
EPI_ISL_20091266	Genetic
EPI_ISL_19725893	Genetic
EPI_ISL_19026805	Genetic
EPI_ISL_19875569	Genetic
EPI_ISL_17979561	Genetic
EPI_ISL_16878793	Genetic
EPI_ISL_17625069	Genetic
EPI_ISL_16864436	Genetic
EPI_ISL_19029978	Genetic
EPI_ISL_18851444	Genetic
EPI_ISL_19448292	Genetic
EPI_ISL_19747158	Genetic
EPI_ISL_17776885	Genetic
EPI_ISL_16830271	Genetic
EPI_ISL_17778401	Genetic
EPI_ISL_17821746	Genetic
EPI_ISL_17592660	Genetic
EPI_ISL_18388334	Genetic
EPI_ISL_18527643	Genetic
EPI_ISL_18099748	Genetic
EPI_ISL_19669177	Genetic
EPI_ISL_18011078	Genetic
EPI_ISL_17979574	Genetic
EPI_ISL_19596067	Genetic
EPI_ISL_20141005	Genetic
EPI_ISL_19141525	Genetic
EPI_ISL_19259641	Genetic
EPI_ISL_19762402	Genetic
EPI_ISL_18857440	Genetic
EPI_ISL_19359914	Genetic
EPI_ISL_19755594	Genetic
EPI_ISL_19707010	Genetic
EPI_ISL_18930295	Genetic
EPI_ISL_19496375	Genetic
EPI_ISL_19443000	Genetic
EPI_ISL_18948064	Genetic
EPI_ISL_18075243	Genetic
EPI_ISL_18099782	Genetic
EPI_ISL_18167190	Genetic
EPI_ISL_17820114	Genetic
EPI_ISL_18586616	Genetic
EPI_ISL_18022367	Genetic
EPI_ISL_18233568	Genetic
EPI_ISL_20138596	Genetic
EPI_ISL_19774441	Genetic
EPI_ISL_18901603	Genetic
EPI_ISL_18586770	Genetic
EPI_ISL_19774072	Genetic
EPI_ISL_19906703	Genetic
EPI_ISL_20127592	Genetic
EPI_ISL_19838283	Genetic
EPI_ISL_19882125	Genetic
EPI_ISL_19854029	Genetic
EPI_ISL_19843692	Genetic
EPI_ISL_19479867	Genetic
EPI_ISL_20079772	Genetic
EPI_ISL_19719327	Genetic
EPI_ISL_19669365	Genetic
EPI_ISL_19353183	Genetic
EPI_ISL_19353122	Genetic
EPI_ISL_19073240	Genetic
EPI_ISL_18986909	Genetic
EPI_ISL_19696382	Genetic
EPI_ISL_19854584	Genetic
EPI_ISL_19522938	Genetic
EPI_ISL_19094425	Genetic
EPI_ISL_19158155	Genetic
EPI_ISL_19757462	Genetic
EPI_ISL_19678664	Genetic
EPI_ISL_19556641	Genetic
EPI_ISL_20078914	Genetic
EPI_ISL_19757318	Genetic
EPI_ISL_20134446	Genetic
EPI_ISL_19757587	Genetic
EPI_ISL_18742989	Genetic
EPI_ISL_19628432	Genetic
EPI_ISL_20065101	Genetic
EPI_ISL_19818259	Genetic
EPI_ISL_18527641	Genetic
EPI_ISL_19864912	Genetic
EPI_ISL_19160586	Genetic
EPI_ISL_19259639	Genetic
EPI_ISL_18990894	Genetic
EPI_ISL_19698188	Genetic
EPI_ISL_19894307	Genetic
EPI_ISL_19648402	Genetic
EPI_ISL_19648506	Genetic
EPI_ISL_19674424	Genetic
EPI_ISL_19547128	Genetic
EPI_ISL_19757810	Genetic
EPI_ISL_19708755	Genetic
EPI_ISL_19908538	Genetic
EPI_ISL_19757463	Genetic
EPI_ISL_19711970	Genetic
EPI_ISL_19757301	Genetic
EPI_ISL_16522425	Genetic
EPI_ISL_13837817	Genetic
EPI_ISL_19055109	Genetic
EPI_ISL_20140987	Genetic
EPI_ISL_20140979	Genetic
EPI_ISL_20131712	Genetic
EPI_ISL_17776895	Genetic
EPI_ISL_16809262	Genetic
EPI_ISL_16886697	Genetic
EPI_ISL_18742988	Genetic
EPI_ISL_16830674	Genetic
EPI_ISL_17979530	Genetic
EPI_ISL_17820394	Genetic
EPI_ISL_14854684	Genetic
EPI_ISL_15932800	Genetic
EPI_ISL_18008423	Genetic
EPI_ISL_19628360	Genetic
EPI_ISL_19669151	Genetic
EPI_ISL_15938155	Genetic
EPI_ISL_17776887	Genetic
EPI_ISL_19707889	Genetic
EPI_ISL_18742995	Genetic
EPI_ISL_14854689	Genetic
EPI_ISL_19764258	Genetic
EPI_ISL_18786390	Genetic
EPI_ISL_19778319	Genetic
EPI_ISL_16825343	Genetic
EPI_ISL_17592712	Genetic
EPI_ISL_18374145	Genetic
EPI_ISL_19118445	Genetic
EPI_ISL_17851799	Genetic
EPI_ISL_17674157	Genetic
EPI_ISL_17993849	Genetic
EPI_ISL_17769162	Genetic
EPI_ISL_18022708	Genetic
EPI_ISL_19765078	Genetic
EPI_ISL_17728560	Genetic
EPI_ISL_17092336	Genetic
EPI_ISL_18074148	Genetic
EPI_ISL_18607741	Genetic
EPI_ISL_19290780	Genetic
EPI_ISL_17981875	Genetic
EPI_ISL_19679407	Genetic
EPI_ISL_19255882	Genetic
EPI_ISL_19731627	Genetic
EPI_ISL_18857470	Genetic
EPI_ISL_19647203	Genetic
EPI_ISL_19834924	Genetic
EPI_ISL_19500848	Genetic
EPI_ISL_19560424	Genetic
EPI_ISL_20099449	Genetic
EPI_ISL_19608199	Genetic
EPI_ISL_17559712	Genetic
EPI_ISL_20148711	Genetic
EPI_ISL_19679420	Genetic
EPI_ISL_19669000	Genetic
EPI_ISL_19147513	Genetic
EPI_ISL_19194598	Genetic
EPI_ISL_20075483	Genetic
EPI_ISL_20115139	Genetic
EPI_ISL_20151355	Genetic
EPI_ISL_19093783	Genetic
EPI_ISL_19179069	Genetic
EPI_ISL_19546974	Genetic
EPI_ISL_19680970	Genetic
EPI_ISL_19164362	Genetic
EPI_ISL_20073036	Genetic
EPI_ISL_19779730	Genetic
EPI_ISL_19899828	Genetic
EPI_ISL_20071525	Genetic
EPI_ISL_20091226	Genetic
EPI_ISL_19133188	Genetic
EPI_ISL_19147556	Genetic
EPI_ISL_19669450	Genetic
EPI_ISL_19847862	Genetic
EPI_ISL_19666966	Genetic
EPI_ISL_19407681	Genetic
EPI_ISL_19380571	Genetic
EPI_ISL_19874354	Genetic
EPI_ISL_19345109	Genetic
EPI_ISL_19853061	Genetic
EPI_ISL_19387077	Genetic
EPI_ISL_20079747	Genetic
EPI_ISL_19081389	Genetic
EPI_ISL_19596038	Genetic
EPI_ISL_18856852	Genetic
EPI_ISL_19596029	Genetic
EPI_ISL_19874792	Genetic
EPI_ISL_19870627	Genetic
EPI_ISL_19889680	Genetic
EPI_ISL_20127593	Genetic
EPI_ISL_20128961	Genetic
EPI_ISL_19870572	Genetic
EPI_ISL_20148710	Genetic
EPI_ISL_19907021	Genetic
EPI_ISL_19596064	Genetic
EPI_ISL_19290789	Genetic
EPI_ISL_19621382	Genetic
EPI_ISL_19907461	Genetic
EPI_ISL_19719637	Genetic
EPI_ISL_19291070	Genetic
EPI_ISL_19757418	Genetic
EPI_ISL_20103169	Genetic
EPI_ISL_19026866	Genetic
EPI_ISL_19221428	Genetic
EPI_ISL_20072857	Genetic
EPI_ISL_19829738	Genetic
EPI_ISL_19788830	Genetic
EPI_ISL_20068655	Genetic
EPI_ISL_19867998	Genetic
EPI_ISL_19882553	Genetic
EPI_ISL_17693553	Genetic
EPI_ISL_19873954	Genetic
EPI_ISL_19726483	Genetic
EPI_ISL_18329926	Genetic
EPI_ISL_19878122	Genetic
EPI_ISL_19692892	Genetic
EPI_ISL_19883766	Genetic
EPI_ISL_19719344	Genetic
EPI_ISL_18989429	Genetic
EPI_ISL_19905309	Genetic
EPI_ISL_19940187	Genetic
EPI_ISL_19056350	Genetic
EPI_ISL_19786687	Genetic
EPI_ISL_19544297	Genetic
EPI_ISL_19711404	Genetic
EPI_ISL_19679444	Genetic
EPI_ISL_19679457	Genetic
EPI_ISL_19882231	Genetic
EPI_ISL_19882238	Genetic
EPI_ISL_19882239	Genetic
EPI_ISL_19882236	Genetic
EPI_ISL_19011047	Genetic
EPI_ISL_19631697	Genetic
EPI_ISL_19875221	Genetic
EPI_ISL_19326877	Genetic
EPI_ISL_19854113	Genetic
EPI_ISL_19493793	Genetic
EPI_ISL_19894336	Genetic
EPI_ISL_19779478	Genetic
EPI_ISL_20141779	Genetic
EPI_ISL_19894908	Genetic
EPI_ISL_19898014	Genetic
EPI_ISL_19472376	Genetic
EPI_ISL_19053962	Genetic
EPI_ISL_18109026	Genetic
EPI_ISL_18948061	Genetic
EPI_ISL_19143577	Genetic
EPI_ISL_19638094	Genetic
EPI_ISL_19743515	Genetic
EPI_ISL_19905311	Genetic
EPI_ISL_19895692	Genetic
EPI_ISL_20069073	Genetic
EPI_ISL_20125470	Genetic
EPI_ISL_19701732	Genetic
EPI_ISL_19636442	Genetic
EPI_ISL_19870536	Genetic
EPI_ISL_19907462	Genetic
EPI_ISL_19870586	Genetic
EPI_ISL_20138626	Genetic
EPI_ISL_19905296	Genetic
EPI_ISL_19870620	Genetic
EPI_ISL_20138643	Genetic
EPI_ISL_19788829	Genetic
EPI_ISL_19895701	Genetic
EPI_ISL_20144960	Genetic
EPI_ISL_19870496	Genetic
EPI_ISL_19894931	Genetic
EPI_ISL_19898016	Genetic
EPI_ISL_19893770	Genetic
EPI_ISL_19059231	Genetic
EPI_ISL_19759788	Genetic
EPI_ISL_19377291	Genetic
EPI_ISL_19221417	Genetic
EPI_ISL_17559758	Genetic
EPI_ISL_18693474	Genetic
EPI_ISL_18074091	Genetic
EPI_ISL_19095514	Genetic
EPI_ISL_20138780	Genetic
EPI_ISL_19014980	Genetic
EPI_ISL_19655458	Genetic
EPI_ISL_20079418	Genetic
EPI_ISL_19834920	Genetic
EPI_ISL_19158076	Genetic
EPI_ISL_18012931	Genetic
EPI_ISL_19054628	Genetic
EPI_ISL_19685674	Genetic
EPI_ISL_19895652	Genetic
EPI_ISL_19678116	Genetic
EPI_ISL_19083747	Genetic
EPI_ISL_19354804	Genetic
EPI_ISL_19698206	Genetic
EPI_ISL_19757458	Genetic
EPI_ISL_19290697	Genetic
EPI_ISL_19642859	Genetic
EPI_ISL_19374194	Genetic
EPI_ISL_19338140	Genetic
EPI_ISL_19743520	Genetic
EPI_ISL_19607850	Genetic
EPI_ISL_19907457	Genetic
EPI_ISL_19754271	Genetic
EPI_ISL_19871897	Genetic
EPI_ISL_19879049	Genetic
EPI_ISL_19772454	Genetic
EPI_ISL_20073749	Genetic
EPI_ISL_19813183	Genetic
EPI_ISL_20073772	Genetic
EPI_ISL_19920085	Genetic
EPI_ISL_19905276	Genetic
EPI_ISL_19879499	Genetic
EPI_ISL_19902165	Genetic
EPI_ISL_19731427	Genetic
EPI_ISL_19867414	Genetic
EPI_ISL_20075486	Genetic
EPI_ISL_20085701	Genetic
EPI_ISL_19894914	Genetic
EPI_ISL_19752240	Genetic
EPI_ISL_19894898	Genetic
EPI_ISL_20129859	Genetic
EPI_ISL_19889693	Reagent
EPI_ISL_10626312	Reagent
EPI_ISL_16454711	Reagent
EPI_ISL_5332907	Reagent
EPI_ISL_10492323	Reagent
EPI_ISL_18167431	Reagent
EPI_ISL_6424991	Reagent
EPI_ISL_16522435	Reagent
EPI_ISL_13817451	Reagent
EPI_ISL_5419115	Reagent
EPI_ISL_3856706	Reagent
EPI_ISL_18812128	Reagent
EPI_ISL_18962735	Reagent
EPI_ISL_16830673	Reagent
EPI_ISL_18778030	Reagent
EPI_ISL_19843684	Reagent
EPI_ISL_3446792	Reagent
EPI_ISL_16899296	Reagent
EPI_ISL_16830710	Reagent
EPI_ISL_16968058	Reagent
EPI_ISL_20099416	Reagent
EPI_ISL_16732431	Reagent
EPI_ISL_14212829	Reagent
EPI_ISL_19676631	Reagent
EPI_ISL_10492354	Reagent
EPI_ISL_20091227	Reagent
EPI_ISL_20077097	Reagent
EPI_ISL_18952209	Reagent
EPI_ISL_4169531	Reagent
EPI_ISL_401854	Reagent
EPI_ISL_19169347	Reagent
EPI_ISL_18160846	Reagent
EPI_ISL_20046928	Reagent
EPI_ISL_19586790	Reagent
EPI_ISL_13983276	Reagent
EPI_ISL_18862945	Reagent
EPI_ISL_20071432	Reagent
EPI_ISL_18886145	Reagent
EPI_ISL_19338038	Reagent
EPI_ISL_20071371	Reagent
EPI_ISL_5419111	Reagent
EPI_ISL_20077099	Reagent
EPI_ISL_20099613	Reagent
EPI_ISL_14057715	Reagent
EPI_ISL_3856678	Reagent
EPI_ISL_10492353	Reagent
EPI_ISL_19377300	Reagent
EPI_ISL_7745710	Reagent
EPI_ISL_18160845	Reagent
EPI_ISL_20046941	Reagent
EPI_ISL_17608898	Reagent
EPI_ISL_13984050	Reagent
EPI_ISL_19726511	Reagent
EPI_ISL_14862036	Reagent
EPI_ISL_19685476	Reagent
EPI_ISL_16830692	Reagent
EPI_ISL_5332900	Reagent
EPI_ISL_20077098	Reagent
EPI_ISL_19895658	Reagent
EPI_ISL_20099446	Reagent
EPI_ISL_19338146	Reagent
EPI_ISL_19676636	Reagent
EPI_ISL_13983273	Reagent
EPI_ISL_18234622	Reagent
EPI_ISL_18044349	Reagent
EPI_ISL_19726484	Reagent
EPI_ISL_7745707	Reagent
EPI_ISL_19298051	Reagent
EPI_ISL_20123785	Reagent
EPI_ISL_14952381	Reagent
EPI_ISL_18604324	Reagent
EPI_ISL_19644008	Reagent
EPI_ISL_19338390	Reagent
EPI_ISL_17832069	Reagent
EPI_ISL_18886143	Reagent
EPI_ISL_18037429	Reagent
EPI_ISL_18069127	Reagent
EPI_ISL_18604370	Reagent
EPI_ISL_17789915	Reagent
EPI_ISL_16093972	Reagent
EPI_ISL_19218253	Reagent
EPI_ISL_6307006	Reagent
EPI_ISL_20077404	Reagent
EPI_ISL_19377297	Reagent
EPI_ISL_18486170	Reagent
EPI_ISL_19586794	Reagent
EPI_ISL_18886147	Reagent
EPI_ISL_20046922	Reagent
EPI_ISL_18485002	Reagent
EPI_ISL_5332901	Reagent
EPI_ISL_18012880	Reagent
EPI_ISL_3856664	Reagent